Please Select,
Audi A3 Auto,19
Audi A3 Quattro Tdi (170),26
Audi A5 Tfsi (211) / A6 Le Mans T,29
BMW 116 I (115),17
BMW 116 I / 116 Es,19
BMW 118 D (141),21
BMW 318 Ci Convertible,31
BMW 318 I,25
BMW 325 I M Sport Highline Coupe,37
BMW 335 I M Sport,35
BMW 525 Tds,29
BMW 535 D Se,41
BMW 630 I Convertible,48
BMW 635 D Convertible,50
BMW X3 Xdrive Se Edition Exclusive,33
BMW X3 Xdrive18D Se,30
BMW Z8 Convertible,39
Cadillac Bls Luxury D,28
Cadillac Cts Sport Luxury,37
Cadillac Cts-V,50
Cadillac Srx 4 Sport Luxury Northstar V8,47
Cadillac Srx 4 Sport Luxury,43
Cherolet Camaro Z 28 (Coupe),38
Chevrolet Aveo S,14
Chevrolet Blazer Ls,30
Chevrolet Camaro (Coupe),26
Chevrolet Camaro Convertible,28
Chevrolet Corvette (Coupe),49
Chevrolet Corvette Cabriolet,50
Chevrolet Cruze Lt,18
Chevrolet Cruze S Vcdi,19
Chevrolet Kalos S / Kalos Se,12
Chevrolet Spark,1
Chrysler 300C Se V6 Crd,36
Chrysler 300C Srt V6 Crd,37
Chrysler 300C Srt-8,46
Chrysler 300C V8 Hemi,43
Chrysler Grand Voyager Lx,31
Chrysler Grand Voyager Se Crd,34
Chrysler Grand Voyager Se Td,26
Chrysler Neon Le / Neon Six,17
Chrysler Neon Lx,22
Chrysler PT Cruiser Classic,23
Chrysler Pt Cruiser Limited,25
Chrysler Voyager Se Crd,30
Citroen Berlingo Multispace Xtr Hdi (75),15
Citroen C1 Airplay / Vibe,1
Citroen C1 Cool / Rhythm Hdi,3
Citroen C2 Airplay + / Cachet / Cool / Design / Furio / etc,3
Citroen C2 Sx,4
Citroen C4 By Loeb (150) Coupe,22
Citroen C6 Exclusive V6 Hdi,43
Citroen C6 Hdi,40
Daewoo Lanos Xtra,11
Daihatsu Sirion Centenary,12
Dodge Caliber S,14
Dodge Srt-10 Convertible,50
Dodge Srt-10 Convertible,50
Fiat 500 Bydisel / 500 Eco Diesel Auto,7
Fiat 500C Lounge,16
Fiat Brava S / Bravo Sx,13
Fiat Croma Dynamic,22
Fiat Doblo Active,4
Fiat Fiorino Combi,3
Fiat Panda 360 / 4X2 / 4X4 / etc,3
Fiat Panda 360 / 4X2 / 4X4 / etc,3
Fiat Qubo Active,2
Fiat Stilo Schumacher Gp 20V,32
Ford C-Max Style / Escort Cayman,13
Ford C-Max Zetec Tdci,22
Ford C-Max Zetec Tdci,22
Ford Cougar 24V,28
Ford Courier Kombi / Escort / Escort Azura,9
Ford Escort Cl / Escort Flight,15
Ford Escort Gti 16V,27
Ford Fiesta Finesse,5
Ford Fiesta Lx,7
Ford Focus Rs (300),38
Ford Focus Rs500 (345),43
Ford Focus Rs500 (345),43
Ford KA Digitial / Edge / Grand Prix / etc,3
Ford Scorpio Ghia 24V Auto,32
Honda Accord Aerodeck Es,27
Honda Accord Aerodeck Ls,23
Honda Accord I Ls / Civic Es Aerodeck,19
Honda Accord I Ls / Civic Es Aerodeck,19
Honda Accord I-Dtec Ex,24
Honda Civic Coupe,20
Honda Civic E / Civic Imagine,9
Honda Civic Es Ctdi,23
Honda Civic Es Ima Hybrid,16
Honda Civic Imagine Vtec / Civic Se Ctdi,13
Honda Legend Ex Sh-Awd,45
Honda S2000 Gt Edition 100 Convertible,44
Hyundai Accent Atlantic,17
Hyundai Accent Cdx / Accent E,10
Hyundai Amica Si,6
Hyundai Coupe Se,20
Hyundai Getz Cdx,9
Hyundai Grandeur Crtd,41
Hyundai Grandeur V6,42
Hyundai Sonata Cdi,27
Infiniti Ex30D,46
Infiniti Fx30D Gt,47
Infiniti G37 Coupe/Cabriolet,48
Infiniti M37 Gt,44
Infiniti M37 S,45
Isuzu Trooper Insignia,31
Jaguar S-Type Se Plus V8,44
Jaguar S-Type Sport V8,42
Jaguar Xf Portfolio D (238),43
Jaguar Xf R (507),49
Jaguar Xj Executive Auto,32
Jaguar Xj L Luxury D,48
Jaguar Xj Sport / XJ6 Auto,34
Jagura S-Type S Plus V6,38
Jeep Compass Limited,18
Jeep Grand Cherokee Limited,31
Jeep Grand Cherokee Limited,31
Jeep Grand Cherokee Srt-8,46
Jeep Patriot Limited S,17
Jeep Patriot Limited S,17
Jeep Patriot Sport Crd,20
Kia Carens 1,18
Kia Carens Gs,17
Kia Picanto,9
Kia Picanto,9
Kia Rio / Rio L,6
Landrover Discovery Mpi,21
Landrover Discovery V81 Metropolis,32
Landrover Discovery V81 Metropolis,32
Landrover Freelander 2 Gs Td4,20
Landrover Freelander 2 Gs Td4,20
Landrover Freelander 2 Hse I6,25
Landrover Range Rover Autobiography Tdv8,49
Landrover Range Rover Autobiography V8,46
Landrover Range Rover Autobiography V8,46
Lotus Elise 111S Convertible,44
Lotus Elise 111S Convertible,44
Lotus Elise R Convertible,46
Lotus Elise Sport Convertible,40
Lotus Evora S (345),50
Lotus Exige 240R Coupe,47
Mazda 2 Ts Td / 3 Se,10
Mazda 3 Ts2,18
Mazda 3 Ts2,18
Mazda 323 F GI,21
Mazda 6 Awd,23
Mazda 6 Awd,23
Mercedes Benz A 160 Avantgarde Se Cdi,10
Mercedes-Benz A 140 Classic / A 150 Classic,11
Mercedes-Benz B 180 Se,18
Mercedes-Benz Clk 430 Elegance Auto,36
Mercedes-Benz Clk 55 Amg Auto,49
Mercedes-Benz Clk 55 Amg Auto,49
Mercedes-Benz E 200 Avantgarde,32
Mercedes-Benz MI Class 320 Cdi,40
Mercedes-Benz R 280 Cdi,44
Mercedes-Benz R 350 Grand Edition Cdi,47
Mercedes-Benz R 350 Grand Edition Cdi,47
MG Zt-T (160),29
MG Zt-T Se 260,42
Mini Cooper S Gp,38
Mini Cooper S Gp,38
Mini Cooper S Works Sidewalk Convertible,36
Mini Cooper S Works,34
Mini One / One Clubman,12
Mini One,15
Mitsubishi Carisma Classic Le Td,21
Mitsubishi Carisma Classic Le Td,21
Mitsubishi Colt Attivo / Colt Classic,11
Mitsubishi Colt,12
Mitsubishi Colt,12
Mitsubishi Galant Gls Diesel / Outlander Elegance Di-D,24
Mitsubishi I,8
Mitsubishi Lancer Evolution X Fq-330 Sst (S1),42
Mitsubishi Lancer Evolution X Fq-330 Sst (S1),42
Mitsubishi Shogun Classic Le Td Did,33
Nissan 350Z (276) Coupe,45
Nissan Almera Action / Juke Vista (117),11
Nissan Almera Action / Juke Vista (117),11
Nissan Almera Ambition,15
Nissan Almera Ambition,15
Nissan Micra 160Sr,16
Nissan Micra E,6
Nissan Micra E,8
Nissan Pathfinder T-Spec,33
Nissan Patrol Gr S Di,38
Nissan Pixo Acenta / Visia,2
Nissan Pixo N-Tec,4
Nissan Qashqai Acenta 2Wd,21
Nissan Terrano Ii Sve Di,30
Nissan Terrano Ii Sve Di,30
Peugeot 1007 Sport (73),4
Peugeot 1007 Sport (73),4
Peugeot 206 Cc Allure,27
Peugeot 206 Cc Allure,27
Peugeot 206 Grand Tourisme,30
Peugeot 406 V6 Coupe,35
Porsche Boxster S / Cayenne S,45
Porsche Boxster S / Cayenne S,45
Porsche Boxster,34
Porsche Boxster,34
Porsche Cayenne Tdi,40
Porsche Cayenne Tdi,40
Porsche Cayman,42
Porsche Panamera S,48
Porsche Panamera S,48
Proton Persona 10Th Tdi,20
Proton Persona Evolution Coupe,29
Proton Persona Evolution Coupe,29
Renault Clio Authentique (75) / Freeway,6
Renault Clio Authentique (75) / Freeway,6
Renault Espace Expression,27
Renault Laguna Gt Dci (175),29
Renault Megane Dynamique,18
Renault Megane Renaultsport F1,35
Renault Megane Renaultsport,34
Rover 420 Executive,26
Rover 420 Executive,26
Rover 75 Connoisseur Se V8,35
Rover 75 Connoisseur Se V8,35
Saab 9-3 Aero (255),33
Saab 9-3 Aero (255),33
Saab 9-3 Aero (280) Convertible,39
Saab 9-3 Cerulean T 2.0 (210) Converti,35
Saab 9-5 Edition T,40
Skoda Fabia 2 (105),13
Skoda Fabia 2 (105),13
Skoda Superb Classic Tdi,24
Smart Brabus,15
Smart Edition (Lhd) / Forfour Black (75) / Fortwo Grandstyle Cabriolet,7
Smart Forfour Pulse,14
Smart Fortwo Gb-10 Mhd (71) / Fortwo Highstyle Mhd (71) / etc,4
Ssangyong Kyron Ex Cdi,22
Ssangyong Kyron S Cdi,24
Ssangyong Kyron S Cdi,24
Subaru Forester All-Weather Awd,25
Subaru Forester All-Weather Awd,25
Subaru Impreza R,16
Subaru Impreza R,16
Subaru Impreza Wrx Sti Type Uk,39
Suzuki Alto Gl / Alto Sky,7
Suzuki Alto Gl / Alto Sky,7
Suzuki Baleno,14
Suzuki Baleno,14
Suzuki Jimmy Sz4,15
Suzuki Wagon R+ Ga,5
Toyota Auris Sr180 D4D,25
Toyota Corolla T2 Vvt-I,8
Toyota Landcruiser Amazon V8,41
Toyota Landcruiser Premium V8 D-4D,48
Toyota Yaris Blue Vvt-I / Yaris Colour Collection Vvt-I / etc,5
Vauxhall Agila Club / Agila Design / Corsa Design Cdti (90),8
Vauxhall Agila Club / Agila Design / Corsa Design Cdti (90),8
Vauxhall Corsa Expression,1
Vauxhall Monaro V8 (333),45
Volkswagen Beetle / Caddy Maxi Life Eco Fueld (109),14
Volkswagen Touareg Altitude Tdi,39
Volkswagen Touareg Altitude Tdi,39
Volkswagen Touareg Bluemotion Tdi,41
Volkswagen Touareg Bluemotion Tdi,41
Volvo C70 Collection Convertible,37
Volvo C70 Collection Convertible,37
Volvo S80 Es D3 / C70 Es D3,28
Volvo S80 Es D3 / C70 Es D3,28
Volvo S80 Se Lux Awd,41
Alfa Romeo 145 TWin Spark 16V,26
Alfa Romeo 166 Twin Spark,29
Alfa Romeo Mito Lusso Jtdm (120),19
Alfa Romeo Mito Lusso Jtdm (95),12
Audi A2 Fsi / A3 Fsi,17
Audi A3 (102) / A3 Se (102),14
Audi A3 Fsi / A4 Auto,21
Audi A4 Avant Tdi 110 Auto / A4 Se,23
Audi A4 Tdi Quattro,25
Audi A5 S Line Fsi T (180) Coupe / A6 Avant,28
Audi A5 S Line Tfsi (211),30
Audi A6 Se T,37
Audi A6 T Sport Avant,35
Audi A8 S8,48
Audi A8 Se,41
Audi AI S Line Tfsi / A1 Se Tfsi,9
Audi Allroad Le T Quattro,33
Audi Q5 Se Tdi / TT Black Tdi (170) Quattro Coupe,31
Audi Q7 Limited Edition,39
Audi Q7 V12 Quattro Tdi,50
BMW 116 I (122),18
BMW 120 D (163),24
BMW 318 D Edition Es,22
BMW 320 D / 320 D Edition Es,27
BMW 730 Ld Se Carbon Exlusive Edition,46
BMW 740 I Auto,47
BMW 750 Li M Sport,49
BMW M3 Alpine Coupe,43
Cadillac Bls Elegance,36
Cadillac BLS Sport Luxury,38
Cadillac Cts Elegance,34
Cadillac Sts Northstar V8,45
Cadillac Sts V6,40
Chevrolet Matiz Flair / Matiz Se,8
Chevrolet Matiz Sx,11
Chevrolet Spark + / Ls,3
Chrysler Crossfire Coupe,44
Chrysler Neon Le,15
Citroen Berlingo Multispace Vt,4
Citroen C1 Code / Rhythm / Splash / Vt,2
Citroen C4 Cool Coupe / Picasso Sx,13
Citroen C6 V6 Hdi,42
Citroen C-Crosser Vtr,32
Daewoo Chevrolet Matiz Le,7
Dodge Avenger Se,16
Fiat Panda Active,1
Ford C-Max Style,20
Ford Fiesta Edge (59) / Fiesta Studio Tdci (68) / Fiesta Zetec,6
Ford Fiesta Finesse 16V / Fiesta Silver / Fiesta Style,10
Skoda Fabia 1 (70) / Fabia 16V (75) / etc,5
